upc,description,itemMaxQty,orderThreshold,replinishmentOrderQty,itemOnHand,unitPrice,orderPlaced
85048,15CM CHRISTMAS GLASS BALL 20 LIGHTS,55,17,49,50,3.75,0
23253,16 PIECE CUTLERY SET PANTRY DESIGN,13,4,12,8,4.15,0
21458,2 PICTURE BOOK EGGS EASTER BUNNY,10,3,9,3,4.15,1
21456,2 PICTURE BOOK EGGS EASTER CHICKS,6,2,6,1,8.29,1
21457,2 PICTURE BOOK EGGS EASTER DUCKS,11,4,10,3,4.15,1
22316,200 BENDY SKULL STRAWS,7,3,6,2,8.29,1
85034A,3 GARDENIA MORRIS BOXED CANDLES,6,2,6,1,4.15,1
22158,3 HEARTS HANGING DECORATION RUSTIC,7,3,6,2,29.13,1
22839,3 TIER CAKE TIN GREEN AND CREAM,6,2,6,1,20.38,1
72815,3 WICK CHRISTMAS BRIAR CANDLE ,6,2,6,1,9.95,1
22949,36 DOILIES DOLLY GIRL,7,3,6,2,20.38,1
22955,36 FOIL STAR CAKE CASES ,9,3,8,1,9.95,1
21188,3D HEARTS  HONEYCOMB PAPER GARLAND,8,3,7,3,9.95,1
84559B,3D SHEET OF CAT STICKERS,7,3,6,2,8.29,1
22732,3D VINTAGE CHRISTMAS STICKERS ,6,2,6,1,8.29,1
72800D,4 BLUE DINNER CANDLES SILVER FLOCK,6,2,6,1,19.96,1
72801G,4 BURGUNDY WINE DINNER CANDLES,10,3,9,5,9.95,0
35833G,4 GOLD FLOCK CHRISTMAS BALLS,8,3,7,3,8.29,1
72800E,4 IVORY DINNER CANDLES SILVER FLOCK,5,2,4,0,9.95,1
21616,4 PEAR BOTANICAL DINNER CANDLES,25,8,22,20,1.25,0
72801D,4 SKY BLUE DINNER CANDLES,9,3,8,4,1.25,0
22620,4 TRADITIONAL SPINNING TOPS,8,3,7,3,2.46,1
21619,4 VANILLA BOTANICAL CANDLES,7,3,6,2,1.25,1
21618,4 WILDFLOWER BOTANICAL CANDLES,6,2,6,1,1.25,1
22242,5 HOOK HANGER MAGIC TOADSTOOL,7,3,6,2,2.46,1
22243,5 HOOK HANGER RED MAGIC TOADSTOOL,8,3,7,3,1.25,1
90199A,5 STRAND GLASS NECKLACE BLACK,11,4,10,6,2.46,0
85038,6 CHOCOLATE LOVE HEART T-LIGHTS,11,4,10,6,1.25,0
23354,6 GIFT TAGS 50'S CHRISTMAS ,53,16,48,48,1.25,0
22077,6 RIBBONS RUSTIC CHARM,405,122,364,400,1.04,0
84991,60 TEATIME FAIRY CAKE CASES,10,3,9,5,2.46,0
22952,72 CAKE CASES VINTAGE CHRISTMAS,18,6,16,13,1.25,0
84992,72 SWEETHEART FAIRY CAKE CASES,29,9,26,24,2.95,0
84989a,75 GREEN FAIRY CAKE CASES,6,2,6,1,2.95,1
23697,A PRETTY THANK YOU CARD,7,3,6,2,2.95,1
20764,ABSTRACT CIRCLES SKETCHBOOK ,8,3,7,3,2.95,1
35819B,"ACRYLIC HANGING JEWEL,BLUE",12,4,11,7,2.95,0
35818B,"ACRYLIC JEWEL ICICLE, BLUE",6,2,6,1,5.91,1
35818P,"ACRYLIC JEWEL ICICLE, PINK",10,3,9,5,2.95,0
35817P,"ACRYLIC JEWEL SNOWFLAKE,PINK",8,3,7,3,5.91,1
23084,temp adjustment,17,6,15,12,2.1,0
37327,adjustment,7,3,6,2,5.91,1
23595,adjustment,15,5,13,10,2.95,0
51020A,SUMMER FUN DESIGN SHOWER CAP,5,2,4,0,35.95,1
22374,AIRLINE BAG VINTAGE JET SET RED,15,5,13,10,4.21,0
22372,AIRLINE BAG VINTAGE WORLD CHAMPION ,23,7,21,18,2.95,0
22564,ALPHABET STENCIL CRAFT,6,2,6,1,4.13,1
21868,Amazon,20,6,18,15,2.95,0
90125E,AMBER BERTIE GLASS BEAD BAG CHARM,9,3,8,4,4.13,0
90126C,AMBER BERTIE MOBILE PHONE CHARM,8,3,7,3,4.13,1
90184A,AMBER CHUNKY BEAD BRACELET W STRAP,6,2,6,1,6.63,1
90178A,AMBER CHUNKY GLASS+BEAD NECKLACE,44,14,39,39,7.95,0
90185A,AMBER DIAMANTE EXPANDABLE RING,7,3,6,2,3.25,1
90184B,AMETHYST CHUNKY BEAD BRACELET W STR,17,6,15,12,3.25,0
16011,ANIMAL STICKERS,405,122,364,400,1.08,0
90161C,ANT COPPER LIME BOUDICCA BRACELET,8,3,7,3,3.25,1
90161D,ANT COPPER PINK BOUDICCA BRACELET,8,3,7,3,6.63,1
90161A,ANT COPPER RED BOUDICCA BRACELET,105,32,94,100,2.75,0
90161B,ANT COPPER TURQ BOUDICCA BRACELET,18,6,16,13,3.25,0
90162D,ANT SILVER PURPLE BOUDICCA RING,15,5,13,10,3.25,0
84884A,ANT WHITE WIRE HEART SPIRAL,13,4,12,8,3.25,0
21270,ANTIQUE CREAM CUTLERY CUPBOARD,46,14,42,41,2.75,0
22798,ANTIQUE GLASS DRESSING TABLE POT,11,4,10,6,14.95,0
21145,ANTIQUE GLASS PLACE SETTING,7,3,6,2,24.96,1
85042,ANTIQUE LILY FAIRY LIGHTS,6,2,6,1,24.96,1
90001B,ANTIQUE MID BLUE FLOWER EARRINGS,23,7,21,18,14.95,0
90001C,ANTIQUE OPAL WHITE FLOWER EARRINGS,9,3,8,4,16.95,0
22800,ANTIQUE TALL SWIRLGLASS TRINKET POT,5,2,4,0,16.95,1
20963,APPLE BATH SPONGE,10,3,9,5,16.95,0
22915,sold as set on dotcom,41,13,37,36,9.98,0
84879,ASSORTED COLOUR BIRD ORNAMENT,10,3,9,5,14.95,0
21830,ASSORTED CREEPY CRAWLIES,7,3,6,2,8.95,1
22856,ASSORTED EASTER DECORATIONS  BELLS,6,2,6,1,4.95,1
17096,ASSORTED LAQUERED INCENSE HOLDERS,7,3,6,2,14.95,1
21637,ASSORTED SANSKRIT MINI NOTEBOOK,11,4,10,6,4.95,0
21644,ASSORTED TUTTI FRUTTI HEART BOX,6,2,6,1,10.79,1
21648,ASSORTED TUTTI FRUTTI SMALL PURSE,53,16,48,48,4.15,0
11001,ASSTD DESIGN RACING CAR PEN,6,2,6,1,0.79,1
84929,ASSTD FRUIT+FLOWERS FRIDGE MAGNETS,29,9,26,24,4.15,0
85049F,BABY BOOM RIBBONS ,5,2,4,0,4.95,1
22937,BAKING MOULD CHOCOLATE CUPCAKES,6,2,6,1,8.47,1
21756,BATH BUILDING BLOCK WORD,147,45,132,142,0.0,0
85131B,BEADED CRYSTAL HEART GREEN ON STICK,106,32,96,101,0.0,0
22843,BISCUIT TIN VINTAGE GREEN,4005,1202,3604,4000,0.0,0
85225,BLING KEY RING STAND,29,9,26,24,0.85,0
21117,BLOND DOLL DOORSTOP,122,37,110,117,0.0,0
84563B,BLUE & WHITE BREAKFAST TRAY,101,31,91,96,0.85,0
85071A,BLUE CHARLIE+LOLA PERSONAL DOORSIGN,7,3,6,2,0.85,1
84805B,BLUE CLIMBING HYDRANGA ART FLOWER,17,6,15,12,0.85,0
21403,BLUE EGG  SPOON,5,2,4,0,0.85,1
84620,BLUE GINGHAM ROSE CUSHION COVER,7,3,6,2,1.66,1
84745B,BLUE HANGING GINGHAM EASTER HEN,7,3,6,2,2.51,1
21914,BLUE HARMONICA IN BOX ,6,2,6,1,0.85,1
84876D,BLUE HEART COMPACT MIRROR,6,2,6,1,1.63,1
90128B,BLUE LEAVES AND BEADS PHONE CHARM,5,2,4,0,0.85,1
40005B,BLUE ORGANDY ROUND LAMPSHADE W BEA,9,3,8,4,1.63,0
20703,BLUE PADDED SOFT MOBILE,9,3,8,4,19.96,0
20761,BLUE PAISLEY SKETCHBOOK,13,4,12,8,2.95,0
15044B,BLUE PAPER PARASOL ,15,5,13,10,0.85,0
20854,BLUE PATCH PURSE PINK HEART,11,4,10,6,3.25,0
21399,BLUE POLKADOT COFFEE MUG,7,3,6,2,1.63,1
21240,BLUE POLKADOT CUP,10,3,9,5,0.85,0
21397,BLUE POLKADOT EGG CUP ,77,24,69,72,0.85,0
20652,BLUE POLKADOT LUGGAGE TAG ,11,4,10,6,12.5,0
21244,BLUE POLKADOT PLATE ,33,10,30,28,1.63,0
23317,BLUE REFECTORY CLOCK ,149,45,134,144,0.72,0
20857,BLUE ROSE PATCH PURSE PINK BUTTERFL,10,3,9,5,3.25,0
84796B,BLUE SAVANNAH PICNIC HAMPER FOR 2,7,3,6,2,2.46,1
84931B,BLUE SCOTTIE DOG W FLOWER PATTERN,293,88,264,288,0.72,0
85136B,BLUE SHARK HELICOPTER,8,3,7,3,0.85,1
21670,BLUE SPOT CERAMIC DRAWER KNOB,15,5,13,10,0.65,0
21669,BLUE STRIPE CERAMIC DRAWER KNOB,25,8,22,20,0.65,0
84313B,BLUE TV TRAY TABLE ,6,2,6,1,1.28,1
37491B,BLUE/YELLOW CERAMIC CANDLE HOLDER,6,2,6,1,0.65,1
37489B,BLUE/YELLOW FLOWER DESIGN BIG MUG,14,5,12,9,0.65,0
21520,BOOZE & WOMEN GREETING CARD ,65,20,58,60,0.65,0
22038,BOTANICAL LAVENDER GIFT WRAP ,6,2,6,1,1.25,1
84692,BOX OF 24 COCKTAIL PARASOLS,7,3,6,2,1.25,1
84969,BOX OF 6 ASSORTED COLOUR TEASPOONS,10,3,9,5,0.65,0
23382,BOX OF 6 CHRISTMAS CAKE DECORATIONS,8,3,7,3,1.25,1
20886,BOX OF 9 PEBBLE CANDLES,23,7,21,18,3.25,0
22849,BREAD BIN DINER STYLE MINT,9,3,8,4,1.65,0
22847,"BREAD BIN, DINER STYLE, IVORY",8,3,7,3,3.36,1
22788,BROCANTE COAT RACK,17,6,15,12,1.65,0
21320,broken,11,4,10,6,1.65,0
22069,BROWN  PIRATE TREASURE CHEST ,6,2,6,1,3.29,1
90030C,BROWN KUKUI COCONUT SEED NECKLACE,29,9,26,24,1.65,0
23191,BUNDLE OF 3 RETRO NOTE BOOKS,7,3,6,2,12.75,1
23190,BUNDLE OF 3 SCHOOL EXERCISE BOOKS  ,6,2,6,1,12.75,1
22229,BUNNY WOODEN PAINTED WITH FLOWER ,6,2,6,1,24.96,1
22182,CAKE STAND VICTORIAN FILIGREE SMALL,8,3,7,3,12.75,1
22215,CAKE STAND WHITE TWO TIER LACE,10,3,9,5,2.08,0
23343,came coded as 20713,13,4,12,8,2.08,0
85093,CANDY SPOT EGG WARMER HARE,6,2,6,1,2.51,1
44228,CANNABIS LEAF BEAD CURTAIN,9,3,8,4,1.25,0
22715,CARD WEDDING DAY,17,6,15,12,1.25,0
47594A,CAROUSEL DESIGN WASHBAG,8,3,7,3,1.25,1
22063,CERAMIC BOWL WITH STRAWBERRY DESIGN,16,5,15,11,2.51,0
23205,CHARLOTTE BAG ALPHABET  DESIGN,8,3,7,3,2.46,1
22356,CHARLOTTE BAG PINK POLKADOT,10,3,9,5,2.46,0
84279P,CHERRY BLOSSOM  DECORATIVE FLASK,8,3,7,3,1.65,1
84723,CHERRY BLOSSOM CANVAS ART PICTURE,19,6,17,14,1.65,0
23225,CHERUB HEART DECORATION SILVER ,5,2,4,0,1.65,1
22898,CHILDRENS APRON APPLES DESIGN,7,3,6,2,3.29,1
22367,CHILDRENS APRON SPACEBOY DESIGN,20,6,18,15,3.29,0
22973,CHILDREN'S CIRCUS PARADE MUG,9,3,8,4,3.29,0
22972,CHILDREN'S SPACEBOY MUG,25,8,22,20,1.65,0
22636,CHILDS BREAKFAST SET CIRCUS PARADE,13,4,12,8,1.65,0
22516,CHILDS GARDEN RAKE BLUE,7,3,6,2,0.65,1
40016,CHINESE DRAGON PAPER LANTERNS,20,6,18,15,1.28,0
22145,CHRISTMAS CRAFT HEART STOCKING ,29,9,26,24,0.65,0
22144,CHRISTMAS CRAFT LITTLE FRIENDS,7,3,6,2,1.28,1
22141,CHRISTMAS CRAFT TREE TOP ANGEL,6,2,6,1,0.65,1
22142,CHRISTMAS CRAFT WHITE FAIRY ,11,4,10,6,0.65,0
72818,CHRISTMAS DECOUPAGE CANDLE,9,3,8,4,0.65,0
22594,CHRISTMAS GINGHAM TREE,8,3,7,3,1.28,1
21811,HANGING HEART WITH BELL,6,2,6,1,1.25,1
23058,CHRISTMAS HANGING SNOWFLAKE,8,3,7,3,0.65,1
21809,CHRISTMAS HANGING TREE WITH BELL,17,6,15,12,0.65,0
22602,CHRISTMAS RETROSPOT HEART WOOD,12,4,11,7,1.25,0
22603,CHRISTMAS RETROSPOT TREE WOOD,21,7,19,16,0.65,0
21801,CHRISTMAS TREE DECORATION WITH BELL,149,45,134,144,0.65,0
21802,CHRISTMAS TREE HEART DECORATION,65,20,58,60,0.55,0
21816,CHRISTMAS TREE T-LIGHT HOLDER,17,6,15,12,1.25,0
20771,CHRYSANTHEMUM  JOURNAL,9,3,8,4,5.91,0
20777,CHRYSANTHEMUM NOTEBOOK,7,3,6,2,4.21,1
90056,CHUNKY CRACKED GLAZE NECKLACE IVORY,18,6,16,13,0.65,0
90147,CHUNKY SILVER NECKLACE PASTEL FLOWE,9,3,8,4,1.25,0
23064,CINDERELLA CHANDELIER ,26,8,24,21,0.65,0
23010,CIRCUS PARADE BABY GIFT SET,11,4,10,6,1.25,0
22631,CIRCUS PARADE LUNCH BOX ,77,24,69,72,0.65,0
23168,CLASSIC CAFE SUGAR DISPENSER,29,9,26,24,0.65,0
21793,CLASSIC FRENCH STYLE BASKET BROWN,6,2,6,1,0.65,1
21792,CLASSIC FRENCH STYLE BASKET GREEN ,23,7,21,18,0.65,0
23169,CLASSIC GLASS COOKIE JAR,10,3,9,5,1.28,0
84678,CLASSICAL ROSE SMALL VASE,9,3,8,4,0.65,0
84679,CLASSICAL ROSE TABLE LAMP,149,45,134,144,0.65,0
84952A,CLEAR LOVE BIRD T-LIGHT HOLDER,53,16,48,48,0.65,0
72134,COLUMBIAN  CUBE CANDLE ,8,3,7,3,1.28,1
72133,COLUMBIAN CANDLE RECTANGLE,14,5,12,9,1.28,0
72128,COLUMBIAN CANDLE ROUND,8,3,7,3,0.65,1
72130,COLUMBIAN CANDLE ROUND,17,6,15,12,0.65,0
72127,COLUMBIAN CANDLE ROUND ,30,9,27,25,0.65,0
90043,COPPER AND BRASS BAG CHARM,7,3,6,2,1.25,1
21739,COSY SLIPPER SHOES SMALL GREEN,8,3,7,3,1.25,1
22990,COTTON APRON PANTRY DESIGN,21,7,19,16,1.25,0
20707,CRAZY DAISY HEART DECORATION,17,6,15,12,1.25,0
22189,CREAM HEART CARD HOLDER,13,4,12,8,0.65,0
85063,CREAM SWEETHEART MAGAZINE RACK,12,4,11,7,0.65,0
85066,CREAM SWEETHEART MINI CHEST,11,4,10,6,1.25,0
85065,CREAM SWEETHEART TRAYS,18,6,16,13,0.65,0
22822,CREAM WALL PLANTER HEART SHAPED,5,2,4,0,0.65,1
84548,CROCHET BEAR RED/BLUE  KEYRING,16,5,15,11,0.65,0
84593,CROCHET ROSE DES CLOTHES HANGER,15,5,13,10,1.25,0
84549,CROCHET WHITE RABBIT KEYRING ,19,6,17,14,1.25,0
CRUK,CRUK Commission,10,3,9,5,1.25,0
90083,CRYSTAL CZECH CROSS PHONE CHARM,149,45,134,144,0.55,0
90085,CRYSTAL STILETTO PHONE CHARM,8,3,7,3,0.65,1
90058A,CRYSTAL STUD EARRINGS CLEAR DISPLAY,17,6,15,12,1.28,0
37479P,CUBIC MUG FLOCK PINK ON BROWN,11,4,10,6,0.65,0
22762,CUPBOARD 3 DRAWER MA CAMPAGNE,6,2,6,1,0.65,1
22938,CUPCAKE LACE PAPER SET 6,6,2,6,1,1.28,1
72819,CUPID DESIGN SCENTED CANDLES,53,16,48,48,0.65,0
72821,CUPID SCENTED CANDLE IN GLASS,9,3,8,4,1.28,0
23410,CURIO CABINET LINEN AND LACE ,7,3,6,2,0.65,1
85031C,CURIOUS IMAGES SCRAP BOOK SET,13,4,12,8,0.65,0
84732B,CUTE BIRD CEATURE SCREEN,17,6,15,12,0.65,0
84422,Dagamed,9,3,8,4,0.65,0
21204,DAISIES  HONEYCOMB GARLAND ,8,3,7,3,1.63,1
22479,DAISY GARDEN MARKER,10,3,9,5,0.65,0
20769,DAISY JOURNAL ,17,6,15,12,2.95,0
84823,DANISH ROSE FOLDING CHAIR,485,146,436,480,0.55,0
84820,DANISH ROSE TRINKET TRAYS,21,7,19,16,0.55,0
22285,"DECORATION HEN ON NEST, HANGING",389,117,350,384,0.55,0
22249,DECORATION WHITE CHICK MAGIC GARDEN,21,7,19,16,0.65,0
20856,DENIM PATCH PURSE PINK BUTTERFLY,29,9,26,24,3.25,0
90059F,DIAMANTE HAIR GRIP PACK/2 LT ROSE,24,8,21,19,0.65,0
90059C,DIAMANTE HAIR GRIP PACK/2 MONTANA,7,3,6,2,0.85,1
21561,DINOSAUR LUNCH BOX WITH CUTLERY,6,2,6,1,3.29,1
22852,DOG BOWL VINTAGE CREAM,8,3,7,3,0.85,1
23526,DOG LICENCE WALL ART,11,4,10,6,0.85,0
84581,DOG TOY WITH PINK CROCHET SKIRT,6,2,6,1,1.63,1
23236,DOILEY STORAGE TIN,29,9,26,24,0.29,0
23695,DOILY THANK YOU CARD,53,16,48,48,0.29,0
23459,DOLLY CABINET 2 DRAWERS ,11,4,10,6,0.29,0
23458,DOLLY CABINET 3 DRAWERS ,12,4,11,7,0.29,0
23008,DOLLY GIRL BABY GIFT SET,9,3,8,4,0.29,0
23289,DOLLY GIRL CHILDRENS BOWL,10,3,9,5,0.29,0
23291,DOLLY GIRL CHILDRENS CUP,8,3,7,3,0.29,1
23390,DOLLY GIRL MINI BACKPACK,19,6,17,14,0.29,0
23229,VINTAGE DONKEY TAIL GAME ,35,11,31,30,0.79,0
48185,DOORMAT FAIRY CAKE,13,4,12,8,0.29,0
22690,DOORMAT HOME SWEET HOME BLUE ,6,2,6,1,0.29,1
48116,DOORMAT MULTICOLOUR STRIPE,17,6,15,12,0.29,0
48187,DOORMAT NEW ENGLAND,197,60,177,192,0.29,0
22688,DOORMAT PEACE ON EARTH BLUE,101,31,91,96,0.29,0
20685,DOORMAT RED RETROSPOT,7,3,6,2,9.95,1
22365,DOORMAT RESPECTABLE HOUSE,6,2,6,1,0.85,1
21524,DOORMAT SPOTTY HOME SWEET HOME,7,3,6,2,2.46,1
48129,DOORMAT TOPIARY,29,9,26,24,0.85,0
48138,DOORMAT UNION FLAG,125,38,112,120,0.85,0
21955,DOORMAT UNION JACK GUNS AND ROSES,10,3,9,5,0.85,0
22692,DOORMAT WELCOME TO OUR HOME,5,2,4,0,0.85,1
23029,DRAWER KNOB CRACKLE GLAZE GREEN,17,6,15,12,0.85,0
90177D,DROP DIAMANTE EARRINGS PURPLE,6,2,6,1,0.85,1
90188,DROP EARRINGS W FLOWER & LEAF,11,4,10,6,0.85,0
35597A,DUSTY PINK CHRISTMAS TREE 30CM,8,3,7,3,0.85,1
84231,EASTER BUNNY WITH BASKET ON BACK,7,3,6,2,0.85,1
22266,EASTER DECORATION HANGING BUNNY,15,5,13,10,0.85,0
22265,EASTER DECORATION NATURAL CHICK,5,2,4,0,0.85,1
22268,EASTER DECORATION SITTING BUNNY,12,4,11,7,0.85,0
22860,EASTER TIN CHICKS PINK DAISY,9,3,8,4,0.85,0
85025B,EAU DE NILE HEART SHAPE PHOTO FRAME,5,2,4,0,0.85,1
15056BL,EDWARDIAN PARASOL BLACK,10,3,9,5,0.85,0
23069,EDWARDIAN PHOTO FRAME,25,8,22,20,0.85,0
23565,EGG CUP MILKMAID HELGA ,14,5,12,9,0.85,0
23564,EGG CUP MILKMAID INGRID,7,3,6,2,1.63,1
21826,EIGHT PIECE DINOSAUR SET,773,232,696,768,0.65,0
46126A,ELVIS WALLHANGING / CURTAIN,77,24,69,72,0.85,0
22494,EMERGENCY FIRST AID TIN ,13,4,12,8,0.85,0
22023,EMPIRE BIRTHDAY CARD,7,3,6,2,1.63,1
22053,EMPIRE DESIGN ROSETTE,9,3,8,4,1.63,0
35241,ENAMEL BLUE RIM BISCUIT BIN,101,31,91,96,0.85,0
35809B,ENAMEL BLUE RIM TEA CONTAINER,18,6,16,13,0.85,0
22425,ENAMEL COLANDER CREAM,53,16,48,48,0.85,0
23249,ENAMEL DINNER PLATE PANTRY,10,3,9,5,1.63,0
35810A,ENAMEL PINK COFFEE CONTAINER,15,5,13,10,1.63,0
84792,ENCHANTED BIRD COATHANGER 5 HOOK,8,3,7,3,0.85,1
79071B,ENGLISH ROSE METAL WASTE BIN,17,6,15,12,0.85,0
84535A,ENGLISH ROSE NOTEBOOK A6 SIZE,9,3,8,4,0.85,0
84536A,ENGLISH ROSE NOTEBOOK A7 SIZE,7,3,6,2,0.85,1
47574A,ENGLISH ROSE SCENTED HANGING FLOWER,11,4,10,6,0.85,0
47574B,ENGLISH ROSE SCENTED HANGING HEART,6,2,6,1,1.63,1
47578A,ENGLISH ROSE SMALL SCENTED FLOWER,15,5,13,10,0.85,0
47504H,ENGLISH ROSE SPIRIT LEVEL ,29,9,26,24,0.85,0
85017B,ENVELOPE 50 BLOSSOM IMAGES,7,3,6,2,1.63,1
21009,ETCHED GLASS STAR TREE DECORATION,9,3,8,4,1.63,0
37495,FAIRY CAKE BIRTHDAY CANDLE SET,5,2,4,0,0.85,1
84534B,FAIRY CAKE NOTEBOOK A5 SIZE,13,4,12,8,0.85,0
84536B,FAIRY CAKES NOTEBOOK A7 SIZE,24,8,21,19,1.63,0
22466,FAIRY TALE COTTAGE NIGHTLIGHT,11,4,10,6,1.63,0
22802,FAUX FUR CHOCOLATE THROW,5,2,4,0,0.85,1
21481,FAWN BLUE HOT WATER BOTTLE,14,5,12,9,2.46,0
51014L,"FEATHER PEN,LIGHT PINK",6,2,6,1,2.55,1
22256,FELT FARM ANIMAL CHICKEN,11,4,10,6,2.55,0
22272,FELTCRAFT DOLL MARIA,7,3,6,2,2.55,1
22273,FELTCRAFT DOLL MOLLY,17,6,15,12,2.55,0
22271,FELTCRAFT DOLL ROSIE,9,3,8,4,1.25,0
23126,FELTCRAFT GIRL AMELIE KIT,17,6,15,12,1.25,0
22587,FELTCRAFT HAIRBAND RED AND BLUE,5,2,4,0,1.25,1
22565,FELTCRAFT HAIRBANDS PINK AND WHITE ,30,9,27,25,1.25,0
22751,FELTCRAFT PRINCESS OLIVIA DOLL,7,3,6,2,1.25,1
72232,FENG SHUI PILLAR CANDLE,29,9,26,24,1.25,0
90020,FILIGREE DIAMANTE CHAIN,8,3,7,3,1.25,1
23228,FILIGREE HEART BIRD WHITE ,101,31,91,96,1.25,0
23227,FILIGREE HEART BUTTERFLY WHITE ,6,2,6,1,1.25,1
23226,FILIGREE HEART DAISY WHITE,7,3,6,2,1.25,1
90146,FINE SILVER NECKLACE W PASTEL FLOWE,9,3,8,4,1.25,0
90039C,FIRE POLISHED GLASS BRACELET BLACK,7,3,6,2,2.51,1
20654,FIRST CLASS LUGGAGE TAG ,8,3,7,3,14.95,1
22317,FIVE CATS HANGING DECORATION,17,6,15,12,1.25,0
22318,FIVE HEART HANGING DECORATION,11,4,10,6,1.25,0
84033,FLAG OF ST GEORGE ,17,6,15,12,2.46,0
84527,FLAMES SUNGLASSES PINK LENSES,15,5,13,10,1.25,0
79320,FLAMINGO LIGHTS,8,3,7,3,1.25,1
84358,FLOOR LAMP SHADE WOOD BASE,10,3,9,5,1.25,0
84847,FLORAL BATHROOM SET,12,4,11,7,2.46,0
20695,FLORAL BLUE MONSTER,29,9,26,24,3.95,0
20694,FLORAL PINK MONSTER,7,3,6,2,19.96,1
81950B,FLOWER BLUE CLOCK WITH SUCKER,29,9,26,24,1.25,0
90002D,FLOWER BURST SILVER RING CRYSTAL,7,3,6,2,2.95,1
17107D,"FLOWER FAIRY,5 SUMMER B'DRAW LINERS",6,2,6,1,16.98,1
90036B,"FLOWER GLASS GARLAND NECKL.36""GREEN",7,3,6,2,7.95,1
21676,FLOWERS  STICKERS,20,6,18,15,1.25,0
23056,rusty throw away,7,3,6,2,4.96,1
84926E,FLOWERS TILE COASTER,9,3,8,4,7.95,0
84927E,FLOWERS TILE HOOK,8,3,7,3,7.95,1
22792,FLUTED ANTIQUE CANDLE HOLDER,5,2,4,0,6.95,1
84674,FLYING PIG WATERING CAN,17,6,15,12,6.95,0
23282,FOLDING BUTTERFLY MIRROR IVORY ,6,2,6,1,7.95,1
16010,FOLDING CAMPING SCISSOR W/KNIF & S,29,9,26,24,1.25,0
23281,FOLDING MIRROR RED  ,15,5,13,10,7.95,0
21711,FOLDING UMBRELLA WHITE/RED POLKADOT,389,117,350,384,0.55,0
84748,FOLK FELT HANGING MULTICOL GARLAND,5,2,4,0,6.95,1
35964,FOLKART CLIP ON STARS,9,3,8,4,16.98,0
35965,FOLKART HEART NAPKIN RINGS,10,3,9,5,16.63,0
35953,FOLKART STAR CHRISTMAS DECORATIONS,6,2,6,1,8.33,1
23299,"FOOD COVER WITH BEADS , SET 2 SIZES",29,9,26,24,6.95,0
20936,FORKED CACTUS CANDLE,6,2,6,1,10.79,1
22686,FRENCH BLUE METAL DOOR SIGN No,17,6,15,12,7.95,0
20835,FRENCH LATTICE CUSHION COVER ,6,2,6,1,3.25,1
20838,FRENCH LATTICE CUSHION COVER ,9,3,8,4,3.25,0
20836,FRENCH PAISLEY CUSHION COVER,77,24,69,72,3.25,0
20839,FRENCH PAISLEY CUSHION COVER ,20,6,18,15,3.25,0
21277,FRENCH STYLE EMBOSSED HEART CABINET,5,2,4,0,0.65,1
23187,FRENCH STYLE STORAGE JAR BONBONS,5,2,4,0,7.95,1
23185,FRENCH STYLE STORAGE JAR JAM,10,3,9,5,7.95,0
22670,FRENCH WC SIGN BLUE METAL,19,6,17,14,6.95,0
90042C,FRESHWATER PEARL BRACELET IVORY,9,3,8,4,16.63,0
22924,FRIDGE MAGNETS LA VIE EN ROSE,7,3,6,2,16.63,1
20941,FROG CANDLE,5,2,4,0,16.95,1
85185D,FROG SOCK PUPPET,12,4,11,7,16.63,0
90116,FRUIT SALAD BAG CHARM,11,4,10,6,16.63,0
22199,FRYING PAN RED POLKADOT ,8,3,7,3,16.63,1
22741,FUNKY DIVA PEN,9,3,8,4,15.95,0
84873A,FUNKY FLOWER PICNIC BAG FOR 4,6,2,6,1,33.29,1
16168M,FUNKY MONKEY GIFT BAG MEDIUM,7,3,6,2,15.95,1
20751,FUNKY WASHING UP GLOVES ASSORTED,8,3,7,3,4.21,1
21745,GAOLERS KEYS DECORATIVE GARDEN ,13,4,12,8,1.25,0
20766,GARDEN PATH SKETCHBOOK,5,2,4,0,2.95,1
23300,GARDENERS KNEELING PAD CUP OF TEA ,21,7,19,16,15.95,0
21812,GARLAND WITH HEARTS AND BELLS,15,5,13,10,0.65,0
21813,GARLAND WITH STARS AND BELLS,28,9,25,23,1.25,0
22651,GENTLEMAN SHIRT REPAIR KIT ,29,9,26,24,12.5,0
22820,GIFT BAG BIRTHDAY,13,4,12,8,15.95,0
22966,GINGERBREAD MAN COOKIE CUTTER,5,2,4,0,15.95,1
21836,GINGHAM OVEN GLOVE RED HEART ,9,3,8,4,15.95,0
23014,GLASS APOTHECARY BOTTLE ELIXIR,7,3,6,2,14.13,1
90027D,GLASS BEAD HOOP EARRINGS AMETHYST,10,3,9,5,14.13,0
22777,GLASS BELL JAR LARGE,6,2,6,1,14.13,1
21667,GLASS CAKE COVER AND PLATE,9,3,8,4,14.13,0
21318,GLASS CHALICE BLUE SMALL ,15,5,13,10,1.65,0
22360,GLASS JAR ENGLISH CONFECTIONERY,8,3,7,3,14.13,1
21730,GLASS STAR FROSTED T-LIGHT HOLDER,15,5,13,10,1.25,0
21818,GLITTER HEART DECORATION,8,3,7,3,1.25,1
21817,GLITTER CHRISTMAS TREE,13,4,12,8,1.25,0
20829,GLITTER HANGING BUTTERFLY STRING,105,32,94,100,2.55,0
20861,GOLD COSMETIC BAG PINK STAR,7,3,6,2,4.13,1
90014B,GOLD M.O.P. ORBIT NECKLACE,11,4,10,6,15.95,0
21336,GOLD WASHBAG,7,3,6,2,24.96,1
21442,GREEN BIRDHOUSE DECORATION,29,9,26,24,1.25,0
85179A,GREEN BITTY LIGHT CHAIN,21,7,19,16,1.25,0
22187,GREEN CHRISTMAS TREE CARD HOLDER,6,2,6,1,16.63,1
90011C,GREEN CRYSTAL DROP EARRINGS,6,2,6,1,2.46,1
22773,GREEN DRAWER KNOB ACRYLIC EDWARDIAN,11,4,10,6,1.25,0
90187B,GREEN DROP EARRINGS W BEAD CLUSTER,37,12,33,32,1.25,0
90202C,GREEN ENAMEL FLOWER HAIR TIE,7,3,6,2,1.25,1
20756,GREEN FERN POCKET BOOK,6,2,6,1,4.21,1
84870C,GREEN GEISHA GIRL ,7,3,6,2,2.46,1
90129C,GREEN GLASS TASSLE BAG CHARM,9,3,8,4,2.46,0
85124C,GREEN JUICY FRUIT PHOTO FRAME,8,3,7,3,1.25,1
23081,GREEN METAL BOX TOP SECRET,165,50,148,160,1.04,0
85188A,GREEN METAL SWINGING BUNNY,15,5,13,10,1.25,0
90120C,GREEN MURANO TWIST BRACELET,6,2,6,1,1.25,1
84877B,GREEN ROUND COMPACT MIRROR,11,4,10,6,2.46,0
90200E,GREEN SWEETHEART BRACELET,12,4,11,7,2.46,0
84882,GREEN WIRE STANDING CANDLE HOLDER,6,2,6,1,2.96,1
90048,GREEN WITH METAL BAG CHARM,7,3,6,2,2.9,1
84251G,"GREETING CARD, OVERCROWDED POOL.",11,4,10,6,2.95,0
84251B,"GREETING CARD, STICKY GORDON",5,2,4,0,2.95,1
84249A,"GREETING CARD,SQUARE, DOUGHNUTS",14,5,12,9,1.25,0
90210A,GREY ACRYLIC FACETED BANGLE,6,2,6,1,2.46,1
10080,GROOVY CACTUS INFLATABLE,7,3,6,2,5.06,1
22719,GUMBALL MONOCHROME COAT RACK,17,6,15,12,1.25,0
22833,HALL CABINET WITH 3 DRAWERS,8,3,7,3,1.25,1
22867,HAND WARMER BIRD DESIGN,8,3,7,3,2.46,1
20894,HANGING BAUBLE T-LIGHT HOLDER LARGE,41,13,37,36,14.95,0
21324,HANGING MEDINA LANTERN SMALL,7,3,6,2,25.49,1
23433,HANGING QUILTED PATCHWORK APPLES,7,3,6,2,1.25,1
22563,HAPPY STENCIL CRAFT,7,3,6,2,1.25,1
22335,HEART DECORATION PAINTED ZINC ,6,2,6,1,2.9,1
22161,HEART DECORATION RUSTIC HANGING ,9,3,8,4,2.51,0
22162,HEART GARLAND RUSTIC PADDED,6,2,6,1,2.46,1
21814,HEART T-LIGHT HOLDER ,12,4,11,7,1.25,0
21879,HEARTS GIFT TAPE,18,6,16,13,1.25,0
17001,HEAVENS SCENT FRAGRANCE OILS ASSTD,8,3,7,3,1.25,1
23402,HOME SWEET HOME 3 PEG HANGER ,8,3,7,3,2.46,1
21877,HOME SWEET HOME MUG,12,4,11,7,0.65,0
16219,HOUSE SHAPE PENCIL SHARPENER,12,4,11,7,1.25,0
23009,I LOVE LONDON BABY GIFT SET,6,2,6,1,2.46,1
23076,ICE CREAM SUNDAE LIP GLOSS,5,2,4,0,1.25,1
10002,INFLATABLE POLITICAL GLOBE ,17,6,15,12,2.55,0
90122B,JADE CRYSTAL+GLASS BRACELET,6,2,6,1,1.25,1
90192,JADE DROP EARRINGS W FILIGREE,7,3,6,2,1.25,1
90005A,JADE GREEN ENAMEL HAIR COMB,11,4,10,6,1.25,0
23178,JAM CLOCK MAGNET,17,6,15,12,1.25,0
85144,JARDIN ETCHED GLASS CHEESE DISH,6,2,6,1,2.46,1
90212B,JET BLACK LAS VEGAS BRACELET ROUND,17,6,15,12,1.25,0
85099C,JUMBO  BAG BAROQUE BLACK WHITE,7,3,6,2,2.51,1
23201,JUMBO BAG ALPHABET,27,9,24,22,2.51,0
20713,wrongly marked. 23343 in box,8,3,7,3,3.29,1
23581,JUMBO BAG PAISLEY PARK,8,3,7,3,2.51,1
20712,JUMBO BAG WOODLAND ANIMALS,10,3,9,5,1.25,0
21930,JUMBO STORAGE BAG SKULLS,32,10,29,27,0.29,0
21160,KEEP OUT GIRLS DOOR HANGER ,6,2,6,1,1.25,1
23254,KIDS CUTLERY DOLLY GIRL ,8,3,7,3,1.25,1
21789,KIDS RAIN MAC PINK,7,3,6,2,0.65,1
21875,KINGS CHOICE MUG,8,3,7,3,1.25,1
21944,KITTENS DESIGN FLANNEL,17,6,15,12,0.85,0
22095,LADS ONLY TISSUE BOX,6,2,6,1,1.66,1
16016,LARGE CHINESE STYLE SCISSOR,5,2,4,0,1.25,1
90205C,LARGE CRYSTAL DIAMANTE HAIRSLIDE,7,3,6,2,2.46,1
23065,LARGE DECO JEWELLERY STAND,5,2,4,0,1.25,1
85199L,LARGE HANGING IVORY & RED WOOD BIRD,9,3,8,4,1.25,0
20801,LARGE PINK GLASS SUNDAE DISH,6,2,6,1,5.79,1
21749,LARGE RED RETROSPOT WINDMILL,23,7,21,18,1.28,0
21742,LARGE ROUND WICKER PLATTER ,109,33,98,104,1.5,0
84856L,LARGE TAHITI BEACH BAG,6,2,6,1,2.46,1
21191,LARGE WHITE HONEYCOMB PAPER BELL  ,53,16,48,48,0.85,0
84800L,LARGE WHITE/PINK ROSE ART FLOWER,25,8,22,20,1.25,0
72812,LARGE ZINC GLASS CANDLEHOLDER,6,2,6,1,2.92,1
90021,LASER CUT MULTI STRAND NECKLACE,5,2,4,0,1.25,1
23218,LAUREL STAR ANTIQUE GOLD,7,3,6,2,1.45,1
23109,PACK OF SIX LED TEA LIGHTS,8,3,7,3,5.79,1
90214A,"LETTER ""A"" BLING KEY RING",135,41,121,130,1.25,0
90214B,"LETTER ""B"" BLING KEY RING",6,2,6,1,1.45,1
90214C,"LETTER ""C"" BLING KEY RING",53,16,48,48,1.25,0
90214D,"LETTER ""D"" BLING KEY RING",8,3,7,3,1.45,1
90214E,"LETTER ""E"" BLING KEY RING",11,4,10,6,1.45,0
90214F,"LETTER ""F"" BLING KEY RING",497,150,447,492,1.25,0
90214G,"LETTER ""G"" BLING KEY RING",5,2,4,0,1.25,1
90214H,"LETTER ""H"" BLING KEY RING",13,4,12,8,1.45,0
90214I,"LETTER ""I"" BLING KEY RING",29,9,26,24,1.45,0
90214K,"LETTER ""K"" BLING KEY RING",21,7,19,16,1.45,0
90214L,"LETTER ""L"" BLING KEY RING",30,9,27,25,1.45,0
90214M,"LETTER ""M"" BLING KEY RING",15,5,13,10,1.45,0
90214P,"LETTER ""P"" BLING KEY RING",8,3,7,3,2.92,1
90214R,"LETTER ""R"" BLING KEY RING",25,8,22,20,1.45,0
90214W,"LETTER ""W"" BLING KEY RING",101,31,91,96,1.25,0
90132,LIGHT TOPAZ TEAL/AQUA COL NECKLACE,5,2,4,0,1.45,1
23268,Lighthouse Trading zero invc incorr,17,6,15,12,1.25,0
21851,LILAC DIAMANTE PEN IN GIFT BOX,7,3,6,2,1.28,1
44089C,LILAC GAUZE BUTTERFLY LAMPSHADE,6,2,6,1,1.25,1
90081C,LILY BROOCH OLIVE COLOUR,7,3,6,2,2.51,1
22419,LIPSTICK PEN RED,9,3,8,4,1.25,0
90148,LONG SILVER NECKLACE PASTEL FLOWER,6,2,6,1,2.46,1
22341,LOVE GARLAND PAINTED ZINC ,15,5,13,10,1.25,0
22862,LOVE HEART NAPKIN BOX ,197,60,177,192,1.06,0
22219,LOVEBIRD HANGING DECORATION WHITE ,69,21,62,64,6.95,0
23207,LUNCH BAG ALPHABET DESIGN,17,6,15,12,1.25,0
23206,LUNCH BAG APPLE DESIGN,6,2,6,1,1.25,1
23681,LUNCH BAG RED VINTAGE DOILY,7,3,6,2,2.51,1
22382,LUNCH BAG SPACEBOY DESIGN ,7,3,6,2,2.46,1
23209,LUNCH BAG VINTAGE DOILY ,29,9,26,24,1.25,0
44265,M/COLOUR POM-POM CURTAIN,7,3,6,2,2.46,1
21635,MADRAS NOTEBOOK LARGE ,6,2,6,1,1.28,1
78124,MAGAZINE RACK GEBRA ASSORTED ,6,2,6,1,2.46,1
22536,MAGIC DRAWING SLATE PURDEY,53,16,48,48,1.06,0
84006,MAGIC TREE -PAPER FLOWERS,9,3,8,4,2.46,0
22742,MAKE YOUR OWN PLAYTIME CARD KIT,11,4,10,6,1.25,0
21683,MEDIUM MEDINA STAMPED METAL BOWL ,6,2,6,1,1.25,1
84800M,MEDIUM WHITE/PINK ROSE ART FLOWER,12,4,11,7,1.25,0
22505,MEMO BOARD COTTAGE DESIGN,29,9,26,24,1.25,0
22116,METAL SIGN HIS DINNER IS SERVED,8,3,7,3,1.63,1
22412,METAL SIGN NEIGHBOURHOOD WITCH ,11,4,10,6,1.25,0
82616C,MIDNIGHT GLAMOUR SCARF KNITTING KIT,77,24,69,72,1.25,0
21657,MILK BOTTLE WITH GLASS STOPPER ,53,16,48,48,0.65,0
22893,MINI CAKE STAND T-LIGHT HOLDER,25,8,22,20,2.46,0
10125,MINI FUNKY DESIGN TAPES,9,3,8,4,2.55,0
22543,MINI JIGSAW BAKE A CAKE ,6,2,6,1,2.51,1
22545,MINI JIGSAW BUNNIES,11,4,10,6,1.25,0
22547,MINI JIGSAW DINOSAUR ,101,31,91,96,1.06,0
22539,MINI JIGSAW DOLLY GIRL,17,6,15,12,2.51,0
22546,MINI JIGSAW PURDEY,7,3,6,2,1.25,1
85212,MINI PAINTED GARDEN DECORATION ,7,3,6,2,8.95,1
23510,MINI PLAYING CARDS GYMKHANA,6,2,6,1,8.95,1
23342,MINT DINER CLOCK,6,2,6,1,16.63,1
84913B,MINT GREEN ROSE TOWEL,9,3,8,4,8.95,0
22627,MINT KITCHEN SCALES,9,3,8,4,1.45,0
22770,MIRROR CORNICE,17,6,15,12,0.19,0
22106,MIRROR MOSAIC HURRICANE LAMP ,41,13,37,36,0.85,0
22102,MIRROR MOSAIC T-LIGHT HOLDER ,8,3,7,3,1.66,1
21367,MIRRORED WALL ART GENTS,15,5,13,10,2.08,0
21368,MIRRORED WALL ART LADIES,9,3,8,4,2.08,0
21371,MIRRORED WALL ART POPPIES,6,2,6,1,2.08,1
23090,missing,11,4,10,6,8.95,0
22407,MONEY BOX FIRST AID DESIGN,17,6,15,12,1.25,0
90075,MONTANA DIAMOND CLUSTER NECKLACE,5,2,4,0,8.15,1
21344,MOROCCAN BEATEN METAL DISH,5,2,4,0,12.75,1
21332,MOROCCAN BEATEN METAL MIRROR,9,3,8,4,12.75,0
22617,"mouldy, thrown away.",29,9,26,24,8.15,0
84580,MOUSE TOY WITH PINK T-SHIRT,5,2,4,0,8.15,1
20699,MOUSEY LONG LEGS SOFT TOY,5,2,4,0,9.95,1
21726,MULTI HEARTS  STICKERS,12,4,11,7,0.65,0
35910A,MULTICOLOUR EASTER RABBIT ,5,2,4,0,8.95,1
21200,MULTICOLOUR HONEYCOMB PAPER GARLAND,8,3,7,3,2.51,1
21620,mystery! Only ever imported 1800,6,2,6,1,4.25,1
90100,NECKLACE+BRACELET SET PINK DAISY,6,2,6,1,8.47,1
90024B,NEW BAROQUE B'FLY NECKLACE RED,7,3,6,2,8.47,1
84617,NEW BAROQUE BLACK BOXES,17,6,15,12,4.25,0
84865,NEW BAROQUE BLACK PHOTO ALBUM,11,4,10,6,4.25,0
84600,NEW BAROQUE JEWELLERY BOX ,7,3,6,2,4.25,1
90028,NEW BAROQUE LARGE NECKLACE BLK/WHIT,6,2,6,1,8.29,1
90029,NEW BAROQUE SMALL NECKLACE BLACK,7,3,6,2,8.29,1
22121,NOEL WOODEN BLOCK LETTERS ,5,2,4,0,0.85,1
22796,Not rcvd in 10/11/2010 delivery,8,3,7,3,4.25,1
22890,NOVELTY BISCUITS CAKE STAND 3 TIER,5,2,4,0,4.25,1
22870,NUMBER TILE COTTAGE GARDEN 2,6,2,6,1,1.25,1
22872,NUMBER TILE COTTAGE GARDEN 4,8,3,7,3,1.25,1
22884,NUMBER TILE VINTAGE FONT 5,29,9,26,24,1.25,0
72802B,OCEAN SCENT CANDLE IN JEWELLED BOX,7,3,6,2,1.25,1
22314,OFFICE MUG WARMER CHOC+BLUE,9,3,8,4,1.25,0
22168,ORGANISER WOOD ANTIQUE WHITE ,10,3,9,5,2.46,0
17012B,ORIGAMI JASMINE INCENSE/CANDLE SET,17,6,15,12,1.25,0
17012C,ORIGAMI LAVENDER INCENSE/CANDL SET ,11,4,10,6,1.25,0
17012E,ORIGAMI OPIUM INCENSE/CANDLE SET ,9,3,8,4,1.25,0
17012F,ORIGAMI SANDLEWOOD INCENSE/CAND SET,5,2,4,0,1.25,1
17011F,ORIGAMI SANDLEWOOD INCENSE+FLOWER,5,2,4,0,2.95,1
17014A,ORIGAMI VANILLA INCENSE CONES,18,6,16,13,2.95,0
84520B,PACK 20 ENGLISH ROSE PAPER NAPKINS,13,4,12,8,2.95,0
84569D,PACK 6 HEART/ICE-CREAM PATCHES,6,2,6,1,2.95,1
84247E,PACK OF 12 CHRISTMAS FUN CARDS,8,3,7,3,2.95,1
21985,PACK OF 12 HEARTS DESIGN TISSUES ,15,5,13,10,1.63,0
21984,PACK OF 12 PINK PAISLEY TISSUES ,101,31,91,96,0.85,0
23376,PACK OF 12 VINTAGE CHRISTMAS TISSUE,9,3,8,4,2.95,0
23380,PACK OF 12 VINTAGE DOILY TISSUES,7,3,6,2,2.95,1
21981,PACK OF 12 WOODLAND TISSUES ,12,4,11,7,0.85,0
21989,PACK OF 20 SKULL PAPER NAPKINS,53,16,48,48,0.72,0
23121,PACK OF 6 COCKTAIL PARASOL STRAWS,8,3,7,3,5.91,1
22583,PACK OF 6 HANDBAG GIFT BOXES,5,2,4,0,1.25,1
21878,PACK OF 6 SANDCASTLE FLAGS ASSORTED,16,5,15,11,0.65,0
21987,PACK OF 6 SKULL PAPER CUPS,53,16,48,48,0.85,0
23120,PACK OF 6 SMALL FRUIT STRAWS,6,2,6,1,5.79,1
21977,PACK OF 60 PINK PAISLEY CAKE CASES,5,2,4,0,0.85,1
21213,PACK OF 72 SKULL CAKE CASES,11,4,10,6,0.85,0
84247N,PACK/12 BLUE FOLKART CARDS,5,2,4,0,2.55,1
23574,PACKING CHARGE,7,3,6,2,5.79,1
PADS,PADS TO MATCH ALL CUSHIONS,5,2,4,0,2.95,1
22493,PAINT YOUR OWN CANVAS SET,29,9,26,24,1.25,0
79144B,PAINTED LIGHTBULB STAR+ MOON,29,9,26,24,2.95,0
21823,PAINTED METAL HEART WITH HOLLY BELL,65,20,58,60,0.55,0
75172,PAINTED SEA SHELL METAL WINDCHIME,69,21,62,64,2.55,0
90173,PAIR BUTTERFLY HAIR CLIPS,261,79,235,256,2.55,0
90204,PAIR OF ENAMEL BUTTERFLY HAIRCLIP,17,6,15,12,2.95,0
90208,PAIR OF PINK FLOWER CLUSTER SLIDE,37,12,33,32,2.95,0
47367B,PAIR PADDED HANGERS PINK CHECK,55,17,49,50,2.95,0
23694,PAISLEY PARK CARD,168,51,151,163,6.95,0
21678,PAISLEY PATTERN  STICKERS,7,3,6,2,1.25,1
90136,PALE PINK/AMETHYST STONE NECKLACE,331,100,298,326,6.95,0
23113,PANTRY CHOPPING BOARD,32,10,29,27,2.95,0
23421,PANTRY HOOK SPATULA,53,16,48,48,2.95,0
23420,PANTRY HOOK TEA STRAINER ,17,6,15,12,1.95,0
23198,PANTRY MAGNETIC  SHOPPING LIST,5,2,4,0,1.95,1
22980,PANTRY SCRUBBING BRUSH,7,3,6,2,4.21,1
23597,PAPER BUNTING PAISLEY PARK,6,2,6,1,4.21,1
22085,PAPER CHAIN KIT SKULLS ,8,3,7,3,1.63,1
22910,PAPER CHAIN KIT VINTAGE CHRISTMAS,133,40,120,128,2.55,0
23843,"PAPER CRAFT , LITTLE BIRDIE",7,3,6,2,1.95,1
23047,PAPER LANTERN 5 POINT STUDDED STAR,8,3,7,3,1.95,1
23045,PAPER LANTERN 5 POINT STAR MOON 30,197,60,177,192,1.65,0
23043,PAPER LANTERN 9 POINT HOLLY STAR L,9,3,8,4,1.95,0
23118,PARISIENNE JEWELLERY DRAWER ,11,4,10,6,1.95,0
47566,PARTY BUNTING,8,3,7,3,4.13,1
23122,PARTY CHARMS 50 PIECES,97,30,87,92,1.95,0
20716,PARTY FOOD SHOPPER BAG,29,9,26,24,1.25,0
21172,PARTY METAL SIGN ,6,2,6,1,1.66,1
22344,PARTY PIZZA DISH PINK POLKADOT,9,3,8,4,1.25,0
21946,PARTY TIME DESIGN FLANNEL,9,3,8,4,0.85,0
16238,PARTY TIME PENCIL ERASERS,45,14,40,40,4.15,0
90035C,"PEARL & SHELL 42""NECKL. IVORY",9,3,8,4,8.5,0
37462E,"PET MUG, GOLDFISH",13,4,12,8,8.5,0
22174,PHOTO CUBE,11,4,10,6,7.95,0
22766,PHOTO FRAME CORNICE,11,4,10,6,0.19,0
22501,PICNIC BASKET WICKER LARGE,8,3,7,3,1.25,1
22502,PICNIC BASKET WICKER SMALL,13,4,12,8,1.25,0
37467,PIG MUG IN TWO COLOUR DESIGNS,7,3,6,2,16.98,1
22637,PIGGY BANK RETROSPOT ,10,3,9,5,1.45,0
22108,PING! MICROWAVE PLATE,16,5,15,11,1.63,0
21564,PINK  HEART SHAPE LOVE BUCKET ,29,9,26,24,1.65,0
21239,PINK  POLKADOT CUP,8,3,7,3,0.65,1
84803A,PINK ALLIUM  ARTIFICIAL FLOWER,9,3,8,4,16.63,0
85109,PINK BOUDOIR T-LIGHT HOLDER,101,31,91,96,7.65,0
37444C,PINK BREAKFAST CUP AND SAUCER ,5,2,4,0,8.5,1
84923,PINK BUTTERFLY HANDBAG W BOBBLES,11,4,10,6,7.65,0
79323P,PINK CHERRY LIGHTS,5,2,4,0,8.5,1
35914,PINK CHICK EGG WARMER + EGG CUP,5,2,4,0,7.65,1
35610A,thrown away,12,4,11,7,4.95,0
20972,PINK CREAM FELT CRAFT TRINKET BOX ,7,3,6,2,10.79,1
84859C,PINK DISCO HANDBAG,23,7,21,18,7.65,0
22064,PINK DOUGHNUT TRINKET POT ,29,9,26,24,0.85,0
35916C,PINK FELT HANGING HEART W FLOWER,5,2,4,0,7.65,1
79331,PINK FLOCK GLASS CANDLEHOLDER,8,3,7,3,16.63,1
79329,PINK FLOCK GLASS CANDLEHOLDER,89,27,80,84,5.88,0
84415A,PINK FLOCK SUEDE CUSHION COVER ,113,34,102,108,5.88,0
35909B,PINK FLOWERS RABBIT EASTER,13,4,12,8,7.65,0
44089A,PINK GAUZE BUTTERFLY LAMPSHADE,88,27,79,83,5.88,0
21486,PINK HEART DOTS HOT WATER BOTTLE,10,3,9,5,1.25,0
84050,PINK HEART SHAPE EGG FRYING PAN,17,6,15,12,2.1,0
85025C,PINK HEART SHAPE PHOTO FRAME,9,3,8,4,2.1,0
85180B,PINK HEARTS LIGHT CHAIN ,6,2,6,1,4.21,1
85185B,PINK HORSE SOCK PUPPET KIT,8,3,7,3,2.1,1
84801A,PINK HYDRANGEA ART FLOWER,7,3,6,2,2.1,1
84707B,PINK JEWELLED MIRROR TRINKET TRAY,23,7,21,18,2.1,0
84531A,PINK KNITTED EGG COSY,13,4,12,8,2.1,0
90128A,PINK LEAVES AND BEADS PHONE CHARM,5,2,4,0,2.1,1
84459A,PINK METAL CHICKEN HEART ,10,3,9,5,2.1,0
84857C,PINK MONTE CARLO HANDBAG,7,3,6,2,4.21,1
22175,PINK OWL SOFT TOY,7,3,6,2,16.98,1
20702,PINK PADDED MOBILE,6,2,6,1,0.0,1
22096,PINK PAISLEY SQUARE TISSUE BOX ,10,3,9,5,0.85,0
72799C,PINK PILLAR CANDLE SILVER FLOCK,149,45,134,144,1.85,0
22323,PINK POLKADOT KIDS BAG,41,13,37,36,1.85,0
62086A,PINK RETRO BIG FLOWER BAG,41,13,37,36,2.1,0
84912A,PINK ROSE WASHBAG,16,5,15,11,4.95,0
90165A,PINK ROSEBUD PEARL EARRINGS,5,2,4,0,2.1,1
84750A,PINK SMALL GLASS CAKE STAND,5,2,4,0,2.1,1
90200D,PINK SWEETHEART BRACELET,53,16,48,48,2.1,0
35598D,PINK/WHITE CHRISTMAS TREE 60CM,6,2,6,1,1.25,1
22107,PIZZA PLATE IN BOX,5,2,4,0,0.85,1
22151,PLACE SETTING WHITE HEART,6,2,6,1,1.25,1
23505,PLAYING CARDS I LOVE LONDON ,7,3,6,2,0.83,1
21226,POCKET MIRROR WOODLAND,41,13,37,36,0.85,0
37342,POLKADOT COFFEE CUP & SAUCER PINK,6,2,6,1,0.83,1
22740,POLKADOT PEN,10,3,9,5,2.46,0
46000P,POLYESTER FILLER PAD 65CMx65CM,15,5,13,10,0.79,0
17038,PORCELAIN BUDAH INCENSE HOLDER,6,2,6,1,14.95,1
20957,PORCELAIN HANGING BELL SMALL,25,8,22,20,0.79,0
21622,POSSIBLE DAMAGES OR LOST?,205,62,184,200,0.79,0
POST,POSTAGE,16,5,15,11,0.83,0
20731,POSY CANDY BAG,9,3,8,4,2.95,0
23003,TRAVEL CARD WALLET VINTAGE ROSE ,5,2,4,0,1.95,1
84927F,PSYCHEDELIC TILE HOOK,9,3,8,4,0.79,0
84925F,PSYCHEDELIC WALL THERMOMETER,12,4,11,7,0.79,0
90104,PURPLE FRANGIPANI HAIRCLIP,11,4,10,6,0.83,0
90128D,PURPLE LEAVES AND BEADS PHONE CHAR,7,3,6,2,0.79,1
20618,QUEEN OF THE SKIES PASSPORT COVER ,6,2,6,1,29.13,1
21785,RAIN PONCHO ,12,4,11,7,1.28,0
22024,RAINY LADIES BIRTHDAY CARD,6,2,6,0,1.63,1
22665,RECIPE BOX BLUE SKETCHBOOK DESIGN,7,3,6,1,1.25,1
22666,RECIPE BOX PANTRY YELLOW DESIGN,6,2,6,1,2.51,1
22041,"RECORD FRAME 7"" SINGLE SIZE ",16,5,15,11,1.63,0
23054,RECYCLED ACAPULCO MAT LAVENDER,17,6,15,11,7.65,0
16235,RECYCLED PENCIL WITH RABBIT ERASER,6,2,6,0,4.15,1
90210C,RED   ACRYLIC FACETED BANGLE,105,32,94,100,0.79,0
21915,RED  HARMONICA IN BOX ,6,2,6,0,0.85,1
22913,RED COAT RACK PARIS FASHION,6,2,6,0,5.91,1
85135C,RED DRAGONFLY HELICOPTER,29,9,26,24,2.08,0
21466,RED FLOWER CROCHET FOOD COVER,6,2,6,1,2.46,1
90129F,RED GLASS TASSLE BAG CHARM,19,6,17,14,0.83,0
21563,RED HEART SHAPE LOVE BUCKET ,17,6,15,12,1.65,0
85180A,RED HEARTS LIGHT CHAIN ,6,2,6,1,0.79,1
90030B,RED KUKUI COCONUT SEED NECKLACE,10,3,9,5,0.79,0
21392,RED POLKADOT PUDDING BOWL,6,2,6,0,1.25,1
23316,RED REFECTORY CLOCK ,15,5,13,8,0.79,0
21246,RED RETROSPOT BIG BOWL,105,32,94,100,0.65,0
21843,smashed,33,10,30,28,14.95,0
21844,RED RETROSPOT MUG,29,9,26,24,0.65,0
22073,RED RETROSPOT STORAGE JAR,27,9,24,22,1.42,0
22072,RED RETROSPOT TEA CUP AND SAUCER ,6,2,6,1,1.63,1
85014B,RED RETROSPOT UMBRELLA,25,8,22,20,2.08,0
85136C,RED SHARK HELICOPTER,14,5,12,9,0.83,0
21671,RED SPOT CERAMIC DRAWER KNOB,9,3,8,3,1.28,0
21731,RED TOADSTOOL LED NIGHT LIGHT,13,4,12,8,0.65,0
23175,REGENCY MILK JUG PINK ,7,3,6,0,1.25,1
23163,REGENCY SUGAR TONGS,6,2,6,0,4.13,1
23171,REGENCY TEA PLATE GREEN ,35,11,31,29,2.1,0
23170,REGENCY TEA PLATE ROSES ,8,3,7,3,4.13,1
23220,REINDEER HEART DECORATION GOLD,17,6,15,12,0.79,0
90156,RESIN BRACELET W PASTEL BEADS,10,3,9,4,3.36,0
90155,RESIN NECKLACE W PASTEL BEADS,7,3,6,2,3.36,1
37333,"RETRO ""TEA FOR ONE"" ",6,2,6,0,3.36,1
47563A,RETRO LONGBOARD IRONING BOARD COVER,9,3,8,4,3.36,0
79063D,"RETRO PILL BOX , REVOLUTIONARY",5,2,4,0,1.25,1
79063C,"RETRO PILL BOX KEY CHAIN,THE KING",7,3,6,2,3.29,1
84597C,RETRO PINK BALL ASHTRAY ,6,2,6,1,3.29,1
79191D,RETRO PLASTIC DAISY TRAY,10,3,9,5,3.29,0
21286,RETROSPOT CANDLE  LARGE,6,2,6,1,1.65,1
22139,RETROSPOT TEA SET CERAMIC 11 PC ,5,2,4,0,2.55,1
84531B,returned,6,2,6,1,8.29,1
22736,RIBBON REEL MAKING SNOWMEN ,65,20,58,59,1.25,0
21664,RIDGED GLASS STORAGE JAR CREAM LID,23,7,21,17,0.65,0
22025,RING OF ROSES BIRTHDAY CARD,13,4,12,5,0.85,0
23351,ROLL WRAP 50'S CHRISTMAS,205,62,184,198,0.79,0
23352,ROLL WRAP 50'S RED CHRISTMAS ,11,4,10,6,0.83,0
23349,ROLL WRAP VINTAGE CHRISTMAS,25,8,22,19,0.79,0
85049C,ROMANTIC PINKS RIBBONS ,5,2,4,0,4.25,1
85036C,ROSE 1 WICK MORRIS BOXED CANDLE,6,2,6,1,1.25,1
21115,ROSE CARAVAN DOORSTOP,3005,902,2704,3000,0.0,0
35971,ROSE FOLKART HEART DECORATIONS,7,3,6,2,8.29,1
72802A,ROSE SCENT CANDLE IN JEWELLED BOX,5,2,4,0,4.25,1
72803A,ROSE SCENT CANDLE JEWELLED DRAWER,8,3,7,3,8.29,1
84347,ROTATING SILVER ANGELS T-LIGHT HLDR,17,6,15,12,1.95,0
81952B,ROUND BLUE CLOCK WITH SUCKER,9,3,8,4,4.21,0
81952V,ROUND PURPLE CLOCK WITH SUCKER,23,7,21,18,1.95,0
22326,ROUND SNACK BOXES SET OF4 WOODLAND ,85,26,76,80,1.25,0
90070,RUBY GLASS CLUSTER BRACELET,45,14,40,40,1.65,0
22764,"RUSTIC WOODEN CABINET, GLASS DOORS",6,2,6,1,4.13,1
85174,S/4 CACTI CANDLES,14,5,12,9,1.95,0
15039,SANDALWOOD FAN,11,4,10,6,1.25,0
21577,SAVE THE PLANET COTTON TOTE BAG,12,4,11,7,1.65,0
21287,SCENTED VELVET LOUNGE CANDLE ,6,2,6,1,3.36,1
22929,SCHOOL DESK AND CHAIR ,12,4,11,7,2.95,0
23623,SET 10 CARD CHRISTMAS WELCOME 17112,125,38,112,120,1.65,0
23624,SET 10 CARD PERFECT NATIVITY 17089,85,26,76,80,1.65,0
23605,SET 10 CARDS 12 DAYS OF XMAS 17059,41,13,37,36,1.95,0
23614,SET 10 CARDS 12 DAYS WRAP  17058,29,9,26,24,1.95,0
23632,SET 10 CARDS CHEERFUL ROBIN 17065,5,2,4,0,1.95,1
23643,SET 10 CARDS CHRISTMAS BAUBLE 16954,9,3,8,4,4.13,0
23621,SET 10 CARDS DAVID'S MADONNA 17074,25,8,22,20,1.95,0
23626,SET 10 CARDS DINKY TREE 17076,13,4,12,8,1.95,0
23620,SET 10 CARDS PERFECT POST 17090,15,5,13,10,1.95,0
23608,SET 10 CARDS RUDOLPHS NOSE 17097,5,2,4,0,1.95,1
23633,SET 10 CARDS WORLD CHILDREN 17067,18,6,16,13,1.95,0
23634,SET 10 CARDS XMAS CHOIR 17068,7,3,6,2,4.13,1
23645,SET 10 CHRISTMAS CARDS HOHOHO 16956,5,2,4,0,1.95,1
23613,SET 10 XMAS CARDS & BADGES 17070,10,3,9,5,1.95,0
23368,SET 12 COLOUR PENCILS DOLLY GIRL ,13,4,12,8,0.83,0
23365,SET 12 COLOUR PENCILS LOVE LONDON,9,3,8,4,0.83,0
23367,SET 12 COLOUR PENCILS SPACEBOY ,17,6,15,12,0.83,0
21918,SET 12 KIDS COLOUR  CHALK STICKS,245,74,220,240,0.29,0
21609,SET 12 LAVENDER  BOTANICAL T-LIGHTS,10,3,9,5,1.65,0
21916,SET 12 RETRO WHITE CHALK STICKS,17,6,15,12,0.85,0
22957,SET 3 PAPER VINTAGE CHICK PAPER EGG,21,7,19,16,2.55,0
21216,"SET 3 RETROSPOT TEA,COFFEE,SUGAR",6,2,6,1,2.46,1
22967,SET 3 SONG BIRD PAPER EGGS ASSORTED,41,13,37,36,1.95,0
23370,SET 36 COLOURING PENCILS DOILY,7,3,6,2,0.79,1
23372,SET 36 COLOUR PENCILS DOLLY GIRL,9,3,8,4,4.25,0
23369,SET 36 COLOUR PENCILS LOVE LONDON,10,3,9,5,0.83,0
23371,SET 36 COLOUR PENCILS SPACEBOY ,8,3,7,3,0.79,1
23305,SET 4 PICNIC CUTLERY BLUEBERRY,15,5,13,10,0.83,0
23304,SET 4 PICNIC CUTLERY CHERRY ,10,3,9,5,0.83,0
23303,SET 4 PICNIC CUTLERY FONDANT,12,4,11,7,0.83,0
23083,SET 6 PAPER TABLE LANTERN STARS ,6,2,6,1,16.63,1
22752,SET 7 BABUSHKA NESTING BOXES,15,5,13,10,2.46,0
23108,SET OF 10 LED DOLLY LIGHTS,11,4,10,6,8.5,0
23189,SET OF 12 FORK CANDLES,15,5,13,10,2.08,0
21614,SET OF 12 ROSE BOTANICAL T-LIGHTS,8,3,7,3,3.29,1
23359,SET OF 12 T-LIGHTS VINTAGE DOILEY,10,3,9,5,0.79,0
22495,SET OF 2 ROUND TINS CAMEMBERT ,9,3,8,4,1.25,0
22895,SET OF 2 TEA TOWELS APPLE AND PEARS,10,3,9,5,2.95,0
23407,SET OF 2 TRAYS HOME SWEET HOME,17,6,15,12,1.25,0
22909,SET OF 20 VINTAGE CHRISTMAS NAPKINS,21,7,19,16,2.95,0
35004B,SET OF 3 BLACK FLYING DUCKS,5,2,4,0,14.95,1
85008,SET OF 3 CONEY ISLAND OVAL BOXES,7,3,6,2,29.79,1
35004G,SET OF 3 GOLD FLYING DUCKS,6,2,6,1,29.17,1
22759,SET OF 3 NOTEBOOKS IN PARCEL,6,2,6,1,0.39,1
21973,SET OF 36 MUSHROOM PAPER DOILIES,5,2,4,0,0.85,1
23306,SET OF 36 PANTRY PAPER DOILIES,11,4,10,6,0.79,0
22950,SET OF 36 VINTAGE CHRISTMAS DOILIES,13,4,12,8,12.75,0
84510E,SET OF 4 GREEN CAROUSEL COASTERS,8,3,7,3,14.95,1
23237,SET OF 4 KNICK KNACK TINS LEAVES ,14,5,12,9,0.83,0
23238,SET OF 4 KNICK KNACK TINS LONDON ,9,3,8,4,0.83,0
22642,SET OF 4 NAPKIN CHARMS STARS   ,5,2,4,0,1.25,1
84951A,SET OF 4 PISTACHIO LOVEBIRD COASTER,37,12,33,32,12.75,0
84510C,SET OF 4 POLKADOT COASTERS,5,2,4,0,14.95,1
84509c,SET OF 4 POLKADOT PLACEMATS ,6,2,6,1,29.13,1
23156,SET OF 5 MINI GROCERY MAGNETS,29,9,26,24,2.1,0
85227,SET OF 6 3D KIT CARDS FOR KIDS,41,13,37,36,12.75,0
21948,SET OF 6 CAKE CHOPSTICKS,8,3,7,3,0.85,1
21947,SET OF 6 HEART CHOPSTICKS,7,3,6,2,0.85,1
22723,SET OF 6 HERB TINS SKETCHBOOK,10,3,9,5,1.25,0
84715,SET OF 6 ICE CREAM SKITTLES,6,2,6,1,14.13,1
23560,SET OF 6 RIBBONS COUNTRY STYLE,7,3,6,2,4.21,1
23562,SET OF 6 RIBBONS PERFECTLY PRETTY  ,6,2,6,1,5.06,1
22619,SET OF 6 SOLDIER SKITTLES,13,4,12,8,1.25,0
21949,SET OF 6 STRAWBERRY CHOPSTICKS,11,4,10,6,0.85,0
22806,SET OF 6 T-LIGHTS WEDDING CAKE ,5,2,4,0,8.95,1
85016,SET OF 6 VINTAGE NOTELETS KIT,9,3,8,4,14.13,0
23309,SET OF 60 I LOVE LONDON CAKE CASES ,6,2,6,1,4.13,1
72598,SET/12 TAPER CANDLES,6,2,6,1,29.79,1
21035,SET/2 RED RETROSPOT TEA TOWELS ,6,2,6,1,16.98,1
72816,SET/3 CHRISTMAS DECOUPAGE CANDLES,9,3,8,4,14.95,0
72807C,SET/3 VANILLA SCENTED CANDLE IN BOX,11,4,10,6,14.95,0
21220,SET/4 BADGES DOGS,125,38,112,120,0.85,0
21311,SET/4 BIRD MIRROR MAGNETS ,8,3,7,3,1.65,1
85039A,SET/4 RED MINI ROSE CANDLE IN BOWL,7,3,6,2,29.13,1
21224,SET/4 SKULL BADGES,5,2,4,0,0.85,1
20914,SET/5 RED RETROSPOT LID GLASS BOWLS,29,9,26,24,14.95,0
85170B,SET/6 BLACK BIRD T-LIGHT CANDLES,10,3,9,5,14.95,0
72349b,SET/6 PURPLE BUTTERFLY T-LIGHTS,41,13,37,36,9.98,0
20878,SET/9 CHRISTMAS T-LIGHTS SCENTED ,5,2,4,0,3.25,1
85176,SEWING SUSAN 21 NEEDLE SET,7,3,6,2,14.95,1
21690,SILVER  CANDLEPOT JARDIN ,15,5,13,10,0.65,0
90189A,SILVER 2 STRAND NECKLACE-LEAF CHARM,6,2,6,1,14.95,1
90145,SILVER HOOP EARRINGS WITH FLOWER,6,2,6,1,29.79,1
20820,SILVER LOOKING MIRROR,7,3,6,2,29.79,1
20830,SILVER PHOTO FRAME,605,182,544,600,2.32,0
84766,SILVER ROCOCO CANDLE STICK,17,6,15,12,12.75,0
20819,SILVER TEDDY BEAR,7,3,6,2,5.79,1
90190C,SILVER/AMETHYST DROP EARRINGS LEAF,5,2,4,0,14.95,1
23471,SIX DRAWER OFFICE TIDY,9,3,8,4,3.29,0
21934,SKULL SHOULDER BAG,7,3,6,2,0.29,1
22100,SKULLS SQUARE TISSUE BOX,6,2,6,1,0.85,1
21427,SKULLS STORAGE BOX SMALL,7,3,6,2,1.25,1
21882,SKULLS TAPE,11,4,10,6,1.25,0
16237,SLEEPING CAT ERASERS,8,3,7,3,4.15,1
23019,SMALL APOTHECARY MEASURING JAR ,6,2,6,1,8.5,1
23022,SMALL BONNE JAM JAR  T-LIGHT HOLDER,6,2,6,1,16.98,1
23167,SMALL CERAMIC TOP STORAGE JAR ,7,3,6,2,4.13,1
16008,SMALL FOLDING SCISSOR(POINTED EDGE),9,3,8,4,1.25,0
84971S,SMALL HEART FLOWERS HOOK ,5,2,4,0,14.95,1
23132,SMALL IVORY HEART WALL ORGANISER,209,63,188,204,5.88,0
84596F,SMALL MARSHMALLOWS PINK BOWL,13,4,12,8,14.95,0
23455,SMALL PARLOUR FRAME,9,3,8,4,14.95,0
20803,SMALL PINK GLASS SUNDAE DISH,205,62,184,200,2.55,0
47310M,"SMALL POP BOX,FUNKY MONKEY",21,7,19,16,12.75,0
22754,SMALL RED BABUSHKA NOTEBOOK ,6,2,6,1,1.65,1
21746,SMALL RED RETROSPOT WINDMILL,19,6,17,14,1.25,0
21747,SMALL SKULL WINDMILL,6,2,6,1,1.28,1
85127,SMALL SQUARE CUT GLASS CANDLESTICK,6,2,6,1,29.95,1
22753,SMALL YELLOW BABUSHKA NOTEBOOK ,26,8,24,21,2.46,0
79051A,SMOKEY GREY COLOUR GLASS,6,2,6,1,29.13,1
23580,SNACK TRAY HAPPY FOREST  ,6,2,6,1,4.96,1
23576,SNACK TRAY RED VINTAGE DOILY,8,3,7,3,5.06,1
22863,SOAP DISH BROCANTE,16,5,15,11,1.25,0
21391,Sold as 1 on dotcom,10,3,9,5,12.75,0
37479B,sold as set by dotcom,17,6,15,12,12.75,0
21136,sold as set on dotcom,5,2,4,0,12.75,1
22988,SOLDIERS EGG CUP ,17,6,15,12,1.65,0
21030,SPACE CADET RED,8,3,7,3,4.95,1
21026,SPACE OWL,7,3,6,2,4.95,1
23346,SPACEBOY BEAKER,8,3,7,3,0.83,1
22029,SPACEBOY BIRTHDAY CARD,16,5,15,11,0.85,0
22975,SPACEBOY CHILDRENS EGG CUP,5,2,4,0,1.95,1
23389,SPACEBOY MINI BACKPACK,6,2,6,1,8.47,1
23392,SPACEBOY ROCKET LOLLY MAKERS,29,9,26,24,1.25,0
10124A,SPOTS ON RED BOOKCOVER TAPE,14,5,12,9,12.75,0
84665,SQUARE CHERRY BLOSSOM CABINET,10,3,9,5,14.13,0
22785,SQUARECUSHION COVER PINK UNION JACK,15,5,13,10,8.95,0
79161A,ST GEORGE SET OF 10 PARTY LIGHTS,9,3,8,4,32.95,0
90158,ST TROPEZ NECKLACE,101,31,91,96,12.75,0
22338,STAR DECORATION PAINTED ZINC ,11,4,10,6,1.25,0
22155,STAR DECORATION RUSTIC,6,2,6,1,2.51,1
21743,STAR PORTABLE TABLE LIGHT ,126,38,114,121,1.5,0
23213,STAR WREATH DECORATION WITH BELL,8,3,7,3,0.83,1
23427,STOOL HOME SWEET HOME ,8,3,7,3,3.29,1
21937,STRAWBERRY   PICNIC BAG,21,7,19,16,0.29,0
21232,STRAWBERRY CERAMIC TRINKET BOX,7,3,6,2,0.65,1
20723,STRAWBERRY CHARLOTTE BAG,45,14,40,40,1.25,0
22649,STRAWBERRY FAIRY CAKE TEAPOT,9,3,8,4,1.25,0
21206,STRAWBERRY HONEYCOMB  GARLAND ,20,6,18,15,0.85,0
22164,STRING OF STARS CARD HOLDER,14,5,12,9,1.25,0
21935,SUKI  SHOULDER BAG,65,20,58,60,0.29,0
22776,SWEETHEART CAKESTAND 3 TIER,8,3,7,3,8.95,1
21231,SWEETHEART CERAMIC TRINKET BOX,11,4,10,6,0.65,0
21473,SWEETHEART CREAM STEEL TABLE RECT,11,4,10,6,1.25,0
22794,SWEETHEART WIRE MAGAZINE RACK,5,2,4,0,7.95,1
22035,VINTAGE CARAVAN GREETING CARD ,11,4,10,6,1.63,0
21033,taig adjust no stock,9,3,8,4,2.1,0
22891,TEA FOR ONE POLKADOT,11,4,10,6,2.95,0
22046,TEA PARTY  WRAPPING PAPER ,12,4,11,7,1.63,0
22027,TEA PARTY BIRTHDAY CARD,15,5,13,10,0.85,0
47567B,TEA TIME KITCHEN APRON,6,2,6,1,32.95,1
47559B,TEA TIME OVEN GLOVE,7,3,6,2,35.95,1
37500,TEA TIME TEAPOT IN GIFT BOX,7,3,6,2,14.95,1
84872a,TEATIME FUNKY FLOWER BACKPACK FOR 2,6,2,6,1,2.1,1
16046,TEATIME PEN CASE & PENS,10,3,9,5,1.25,0
22355,test,8,3,7,3,2.1,1
72140F,throw away,6,2,6,1,4.13,1
84612B,thrown away,29,9,26,24,2.1,0
90037B,TINY CRYSTAL BRACELET GREEN,5,2,4,0,2.1,1
90037A,TINY CRYSTAL BRACELET RED,53,16,48,48,1.85,0
22789,T-LIGHT HOLDER SWEETHEART HANGING,13,4,12,8,8.95,0
22216,T-LIGHT HOLDER WHITE LACE,13,4,12,8,16.63,0
21354,TOAST ITS - BEST MUM,13,4,12,8,10.95,0
82581,TOILET METAL SIGN,7,3,6,2,29.17,1
84519A,TOMATO CHARLIE+LOLA COASTER SET,7,3,6,2,4.13,1
85049A,TRADITIONAL CHRISTMAS RIBBONS,11,4,10,6,2.1,0
23569,TRADTIONAL ALPHABET STAMP SET,8,3,7,3,1.95,1
23004,TRAVEL CARD WALLET PANTRY,7,3,6,2,8.5,1
22995,TRAVEL CARD WALLET SUKI,10,3,9,5,1.95,0
23000,TRAVEL CARD WALLET TRANSPORT,5,2,4,0,1.95,1
22999,TRAVEL CARD WALLET VINTAGE LEAF,7,3,6,2,4.13,1
22996,TRAVEL CARD WALLET VINTAGE TICKET,101,31,91,96,1.65,0
23523,WALL ART TREASURE AHOY ,7,3,6,2,1.25,1
23177,TREASURE ISLAND BOOK BOX,8,3,7,3,1.25,1
20664,TROPICAL HOLIDAY PURSE ,6,2,6,1,8.47,1
20619,TROPICAL PASSPORT COVER ,9,3,8,4,14.95,0
90125C,TURQUOISE BERTIE GLASS BEAD CHARM,9,3,8,4,4.25,0
35591T,TURQUOISE CHRISTMAS TREE ,9,3,8,4,9.98,0
90122C,TURQUOISE CRYSTAL+GLASS BRACELET,6,2,6,1,8.47,1
21735,TWO DOOR CURIO CABINET,10,3,9,5,1.25,0
21922,UNION STRIPE WITH FRINGE  HAMMOCK,15,5,13,10,0.29,0
22830,UTILTY CABINET WITH HOOKS,9,3,8,4,4.25,0
17090D,VANILLA INCENSE 40 CONES IN TIN,5,2,4,0,12.75,1
72802C,VANILLA SCENT CANDLE JEWELLED BOX,7,3,6,2,2.1,1
21259,VICTORIAN SEWING BOX SMALL ,9,3,8,4,0.65,0
23188,VINTAGE  2 METER FOLDING RULER,17,6,15,12,2.08,0
35651,VINTAGE BEAD PINK SCARF ,17,6,15,12,1.65,0
21069,VINTAGE BILLBOARD TEA MUG,757,228,681,752,0.0,0
23313,VINTAGE CHRISTMAS BUNTING,7,3,6,2,0.83,1
23373,VINTAGE CHRISTMAS PAPER GIFT BAG,6,2,6,1,4.25,1
23311,VINTAGE CHRISTMAS STOCKING ,17,6,15,12,2.08,0
23314,VINTAGE CHRISTMAS TABLECLOTH,6,2,6,1,0.83,1
72760B,VINTAGE CREAM 3 BASKET CAKE STAND,11,4,10,6,2.1,0
23061,VINTAGE ENGRAVED HEART,5,2,4,0,8.5,1
21791,VINTAGE HEADS AND TAILS CARD GAME ,7,3,6,2,1.28,1
20901,VINTAGE KEEPSAKE BOX PINK FLOWER,17,6,15,12,14.95,0
21279,VINTAGE KITCHEN PRINT FRUITS,53,16,48,48,0.65,0
21280,VINTAGE KITCHEN PRINT VEGETABLES,7,3,6,2,1.65,1
20897,VINTAGE NOTEBOOK PARIS DAYS,8,3,7,3,16.95,1
20898,VINTAGE NOTEBOOK TRAVELOGUE,7,3,6,2,16.95,1
22655,VINTAGE RED KITCHEN CABINET,101,31,91,96,1.06,0
21913,VINTAGE SEASIDE JIGSAW PUZZLES,10,3,9,5,0.85,0
21758,VINTAGE SHELLS PRINT,11,4,10,6,0.65,0
21790,VINTAGE SNAP CARDS,10,3,9,5,0.65,0
22611,VINTAGE UNION JACK SHOPPING BAG,14,5,12,9,1.25,0
82001S,VINYL RECORD FRAME SILVER,10,3,9,5,2.1,0
84927A,WAKE UP COCKEREL TILE HOOK,9,3,8,4,3.36,0
23527,WALL ART ANIMALS AND NATURE ,10,3,9,5,1.25,0
23535,WALL ART BICYCLE SAFTEY ,12,4,11,7,3.36,0
23531,WALL ART BIG LOVE ,11,4,10,6,1.25,0
23521,WALL ART CAT AND BIRD ,11,4,10,6,4.25,0
23541,WALL ART CLASSIC PUDDINGS ,11,4,10,6,1.95,0
23529,WALL ART DOLLY GIRL ,9,3,8,4,1.25,0
23524,WALL ART HORSE & PONY ,11,4,10,6,3.81,0
23543,WALL ART KEEP CALM ,6,2,6,1,1.95,1
23544,WALL ART MID CENTURY MODERN ,7,3,6,2,1.95,1
23534,WALL ART STOP FOR TEA ,17,6,15,12,4.25,0
23532,WALL ART WORK REST AND PLAY  ,5,2,4,0,1.25,1
22166,WALL MIRROR RECTANGLE DIAMANTE PINK,65,20,58,60,1.25,0
22120,WELCOME  WOODEN BLOCK LETTERS,53,16,48,48,0.85,0
21187,WHITE BELL HONEYCOMB PAPER GARLAND ,12,4,11,7,2.51,0
35598C,WHITE CHRISTMAS TREE 60CM,11,4,10,6,14.95,0
90101,WHITE FRANGIPANI NECKLACE,6,2,6,1,29.17,1
21262,WHITE GOOSE FEATHER CHRISTMAS TREE ,45,14,40,40,0.65,0
21264,WHITE GOOSE FEATHER TREE 60CM ,6,2,6,1,0.63,1
85123A,WHITE HANGING HEART T-LIGHT HOLDER,11,4,10,6,2.55,0
21189,WHITE HONEYCOMB PAPER GARLAND ,5,2,4,0,0.85,1
22224,WHITE LOVEBIRD LANTERN,6,2,6,1,15.95,1
21673,WHITE SPOT BLUE CERAMIC DRAWER KNOB,5,2,4,0,0.65,1
21672,WHITE SPOT RED CERAMIC DRAWER KNOB,10,3,9,5,0.65,0
35912B,WHITE/PINK CHICK DECORATION,7,3,6,2,29.17,1
22696,WICKER WREATH LARGE,8,3,7,3,1.25,1
84388,WISE MAN STAR SHAPE EGG PAN,7,3,6,2,14.13,1
22210,WOOD STAMP SET BEST WISHES,65,20,58,60,6.95,0
22947,WOODEN ADVENT CALENDAR RED,5,2,4,0,2.95,1
22605,WOODEN CROQUET GARDEN SET,10,3,9,5,1.25,0
82494L,WOODEN FRAME ANTIQUE WHITE ,5,2,4,0,2.1,1
22779,WOODEN OWLS LIGHT GARLAND ,7,3,6,2,16.63,1
23559,WOODLAND BUNNIES LOLLY MAKERS,11,4,10,6,5.06,0
22331,WOODLAND PARTY BAG + STICKER SET,30,9,27,25,2.46,0
23231,WRAP DOILEY DESIGN,5,2,4,0,0.79,1
23230,WRAP ALPHABET DESIGN,18,6,16,13,0.83,0
23549,WRAP BIRD GARDEN ,9,3,8,4,1.95,0
16156L,WRAP CAROUSEL,8,3,7,3,14.95,1
16169M,WRAP DAISY CARPET ,13,4,12,8,12.75,0
16169K,WRAP FOLK ART,5,2,4,0,14.95,1
16169P,WRAP GREEN RUSSIAN FOLKART ,53,16,48,48,12.75,0
23548,WRAP MAGIC FOREST ,6,2,6,1,4.21,1
23546,WRAP PAISLEY PARK ,10,3,9,5,5.06,0
16161U,WRAP SUKI AND FRIENDS,25,8,22,20,14.95,0
23232,WRAP VINTAGE PETALS  DESIGN,25,8,22,20,2.08,0
22804,Wrongly mrked had 85123a in box,6,2,6,1,3.29,1
22467,wrongly sold (22719) barcode,7,3,6,2,3.29,1
85175,wrongly sold sets,6,2,6,1,4.25,1
22912,YELLOW COAT RACK PARIS FASHION,6,2,6,1,2.94,1
84898F,YELLOW FLOWERS FELT HANDBAG KIT,6,2,6,1,3.36,1
84086B,YELLOW/BLUE RETRO RADIO,149,45,134,144,1.85,0
37487B,YELLOW/ORANGE FLOWER DESIGN PLATE,6,2,6,1,8.29,1
37491A,YELLOW/PINK CERAMIC CANDLE HOLDER,6,2,6,1,35.95,1
23414,ZINC BOX SIGN HOME,8,3,7,3,3.36,1
23088,ZINC HEART FLOWER T-LIGHT HOLDER,8,3,7,3,8.5,1
20845,ZINC HEART LATTICE 2 WALL PLANTER,14,5,12,9,3.25,0
23106,ZINC PLANT POT HOLDER,8,3,7,3,4.25,1
23151,ZINC SWEETHEART SOAP DISH,9,3,8,4,4.21,0
23145,ZINC T-LIGHT HOLDER STARS LARGE,6,2,6,1,2.1,1
23144,ZINC T-LIGHT HOLDER STARS SMALL,53,16,48,48,5.88,0
23143,ZINC WIRE KITCHEN ORGANISER,30,9,27,25,5.88,0
12345,1/2 dozen Eggs,25,8,22,20,1.99,0
12347,Banana ,105,32,94,100,0.39,0
